Track URI,Track Name,Album Name,Artist Name(s),Release Date,Duration (ms),Popularity,Explicit,Added By,Added At,Genres,Record Label,Danceability,Energy,Key,Loudness,Mode,Speechiness,Acousticness,Instrumentalness,Liveness,Valence,Tempo,Time Signature
spotify:track:3KkXRkHbMCARz0aVfEt68P,"Sunflower - Spider-Man: Into the Spider-Verse","Spider-Man: Into the Spider-Verse (Soundtrack From & Inspired by the Motion Picture)","Post Malone;Swae Lee",2018-12-14,158040,86,false,kbqrh1hxcwbwb5wivumr54pck,2026-04-08T13:32:46Z,"","Universal Records",0.76,0.478,2,-5.574,1,0.0467,0.552,0,0.0703,0.913,89.908,4
spotify:track:2QfznFotJNZmnIEYFdzE5T,"Heartbreak Anniversary","Heartbreak Anniversary","GIVĒON",2020-02-21,196794,74,false,kbqrh1hxcwbwb5wivumr54pck,2026-04-08T13:32:53Z,"r&b","Epic/Not So Fast",0.624,0.457,0,-8.876,1,0.0494,0.557,0,0.128,0.586,129.758,4
spotify:track:5XeFesFbtLpXzIVDNQP22n,"I Wanna Be Yours","AM","Arctic Monkeys",2013-09-09,183956,93,false,kbqrh1hxcwbwb5wivumr54pck,2026-04-08T13:32:59Z,"indie,garage rock","Domino Recording Co",0.464,0.417,0,-9.345,0,0.0256,0.136,0.022,0.0974,0.479,67.528,4
spotify:track:0TK2YIli7K1leLovkQiNik,"Señorita","Señorita","Shawn Mendes;Camila Cabello",2019-06-21,190960,81,false,kbqrh1hxcwbwb5wivumr54pck,2026-04-08T13:33:05Z,"","Island Records",0.759,0.54,9,-6.039,0,0.0287,0.037,0,0.0945,0.75,116.947,4
spotify:track:0tgVpDi06FyKpA1z0VMD4v,"Perfect","÷ (Deluxe)","Ed Sheeran",2017-03-03,263400,90,false,kbqrh1hxcwbwb5wivumr54pck,2026-04-08T13:33:10Z,"soft pop","Atlantic Records UK",0.599,0.448,8,-6.312,1,0.0232,0.163,0,0.106,0.168,95.05,3
spotify:track:1n1y2kFPISpF9WGD3JaFo5,"Suzume","Suzume (Motion Picture Soundtrack)","RADWIMPS;Toaka",2022-11-10,238560,73,false,kbqrh1hxcwbwb5wivumr54pck,2026-04-08T13:33:15Z,"anime,j-pop,j-rock","voque ting",0.565,0.41,2,-6.616,0,0.0311,0.65,0,0.309,0.36,78.01,4
spotify:track:5kqIPrATaCc2LqxVWzQGbk,"7 Years","Lukas Graham","Lukas Graham",2016-04-01,237300,87,false,kbqrh1hxcwbwb5wivumr54pck,2026-04-08T13:33:23Z,"dansk pop","Warner Records",0.765,0.473,10,-5.829,1,0.0514,0.287,0,0.391,0.34,119.992,4
spotify:track:0T5iIrXA4p5GsubkhuBIKV,"Until I Found You","Until I Found You","Stephen Sanchez",2021-09-01,177720,80,false,kbqrh1hxcwbwb5wivumr54pck,2026-04-08T13:33:26Z,"","Republic Records",0.539,0.508,10,-6.05,1,0.0288,0.727,0,0.174,0.227,101.358,3
spotify:track:5O2P9iiztwhomNh8xkR9lJ,"Night Changes","FOUR (Deluxe)","One Direction",2014-11-17,226597,90,false,kbqrh1hxcwbwb5wivumr54pck,2026-04-08T13:33:30Z,"","Syco Music",0.672,0.52,8,-7.747,1,0.0353,0.859,0,0.115,0.37,120.001,4
spotify:track:2tpWsVSb9UEmDRxAl1zhX1,"Counting Stars","Native","OneRepublic",2013-01-01,257265,91,false,kbqrh1hxcwbwb5wivumr54pck,2026-04-08T13:33:36Z,"soft pop","Mosley / Interscope",0.663,0.706,1,-4.972,0,0.0383,0.0654,0,0.118,0.474,122.013,4
spotify:track:6sKyTORhJY0F4Lz7R7wOIK,"Counting Stars","Counting Stars","Simply Three",2014-01-10,234943,56,false,kbqrh1hxcwbwb5wivumr54pck,2026-04-08T13:33:38Z,"classical crossover","Simply Three",0.56,0.737,9,-3.403,1,0.0389,0.00502,0.856,0.0946,0.332,122.021,4
spotify:track:1v1oIWf2Xgh54kIWuKsDf6,"Runaway","All My Demons Greeting Me As A Friend (Deluxe)","AURORA",2016-03-11,248826,82,false,kbqrh1hxcwbwb5wivumr54pck,2026-04-08T13:33:42Z,"norwegian pop,art pop","Decca (UMO)",0.422,0.302,11,-9.214,1,0.0372,0.629,0.0000783,0.104,0.123,114.089,4
spotify:track:2HZLXBOnaSRhXStMLrq9fD,"Mary On A Cross","Seven Inches Of Satanic Panic","Ghost",2019-09-13,244804,6,false,kbqrh1hxcwbwb5wivumr54pck,2026-04-08T13:33:45Z,"metal,hard rock","Loma Vista Recordings",0.466,0.9,11,-4.469,1,0.0447,0.000235,0.00104,0.103,0.561,130.02,4
spotify:track:6pOgSsYAmQHlpz9yFRbIJE,"Kammani","Guna","S. P. Balasubrahmanyam;S. P. Sailaja",1992-11-05,332405,0,false,kbqrh1hxcwbwb5wivumr54pck,2026-04-08T13:33:54Z,"kannada pop,telugu pop,tamil pop,devotional,sandalwood,tollywood","Aditya Music",0.556,0.513,1,-7.456,1,0.278,0.435,0.0000028,0.364,0.387,119.768,4
spotify:track:5H4rKylLnO8KrmdXTRhj5s,"Chaiyya Chaiyya","Dil Se (Original Motion Picture Soundtrack)","Sukhwinder Singh;Sapna Awasthi",1998-07-08,406848,67,false,kbqrh1hxcwbwb5wivumr54pck,2026-04-08T13:34:00Z,"bollywood,desi,hindi pop","Ishtar Music Pvt. Ltd.",0.786,0.579,2,-14.913,1,0.142,0.186,0,0.118,0.481,90.012,4
spotify:track:6y5SuF4NxGkvwpAdqcAkD3,"Ve Kamleya (From ""Rocky Aur Rani Kii Prem Kahaani"")","Rocky Aur Rani Kii Prem Kahaani","Pritam;Arijit Singh;Shreya Ghoshal;Shadab Faridi;Altamash Faridi;Amitabh Bhattacharya",2024-05-15,246988,68,false,kbqrh1hxcwbwb5wivumr54pck,2026-04-08T13:34:09Z,"bollywood,hindi pop,desi,bangla pop,kannada pop,marathi pop,sufi","Saregama India Ltd",0.468,0.658,2,-7.6,1,0.0668,0.81,0.0333,0.12,0.534,87.607,4
spotify:track:2nC3QhMI9reBIOWutbU3Tj,"Moral of the Story","Moral of the Story","Ashe",2019-02-14,201083,12,true,kbqrh1hxcwbwb5wivumr54pck,2026-04-08T13:34:11Z,"","Mom+Pop",0.572,0.406,10,-8.624,1,0.0427,0.587,0.00000448,0.102,0.265,119.812,4
spotify:track:7Hkbm2DgepcriVxDrwbCcc,"Taarif Karoon","Sanam - Taarif Karoon","Mohammed Rafi;Sanam",2019-05-16,157760,52,false,kbqrh1hxcwbwb5wivumr54pck,2026-04-08T13:34:19Z,"ghazal,hindi pop,desi pop","Saregama India Ltd",0.796,0.681,5,-6.067,1,0.0464,0.352,0,0.105,0.795,111.995,4
spotify:track:1ccZZf0IQi5y0bHMl2aGDF,"Gulabi Aankhen","Universally SANAM","Sanam",2019-08-09,197759,72,false,kbqrh1hxcwbwb5wivumr54pck,2026-04-08T13:34:23Z,"hindi pop,desi pop","Universal Music India Pvt Ltd.",0.636,0.647,0,-6.97,0,0.0436,0.422,0,0.251,0.44,105.914,4
spotify:track:0eCajpR75pDW0r64U6hP2x,"Jo Tum Mere Ho","Jo Tum Mere Ho","Anuv Jain",2024-08-02,251813,83,false,kbqrh1hxcwbwb5wivumr54pck,2026-04-08T13:34:29Z,"indian indie,hindi indie,hindi pop","Universal Music India Pvt. Ltd. (on behalf of Anuv Jain)",0.46,0.302,1,-12.934,0,0.0398,0.661,0,0.293,0.176,123.871,5
spotify:track:0TL0LFcwIBF5eX7arDIKxY,"Husn","Husn","Anuv Jain",2023-12-01,217894,78,false,kbqrh1hxcwbwb5wivumr54pck,2026-04-08T13:34:32Z,"indian indie,hindi indie,hindi pop","Universal Music India Pvt. Ltd. (on behalf of Anuv Jain)",0.527,0.376,5,-9.974,1,0.0298,0.682,0,0.142,0.24,151.928,4
spotify:track:3bmsaFp11I9pbicxzlStf3,"nadaaniyan","nadaaniyan","Akshath",2024-05-19,171063,69,false,kbqrh1hxcwbwb5wivumr54pck,2026-04-08T13:34:35Z,"indian indie,hindi indie,hindi pop","Universal Music India Pvt Ltd.",0.698,0.334,6,-6.297,0,0.0291,0.721,0,0.0836,0.694,94.123,4
spotify:track:58DDUR1i6tI6C5CNSbqTkQ,"Neeti Mullai X Muthu Mazhaiye (Instrumental Cover)","Neeti Mullai X Muthu Mazhaiye (Instrumental Cover)","Kalaivananoffl",2024-07-19,85142,24,false,kbqrh1hxcwbwb5wivumr54pck,2026-04-08T13:34:39Z,"devotional","Kalaivananoffl",0.668,0.36,7,-16.406,0,0.0446,0.745,0.931,0.0913,0.536,105.031,4
spotify:track:2plbrEY59IikOBgBGLjaoe,"Die With A Smile","Die With A Smile","Lady Gaga;Bruno Mars",2024-08-16,251667,92,false,kbqrh1hxcwbwb5wivumr54pck,2026-04-08T13:34:42Z,"art pop,pop","Interscope",0.521,0.592,6,-7.777,0,0.0304,0.308,0,0.122,0.535,157.969,3
spotify:track:6lanRgr6wXibZr8KgzXxBl,"a thousand years","a thousand years","Christina Perri",2011-10-18,285120,87,false,kbqrh1hxcwbwb5wivumr54pck,2026-04-08T13:34:58Z,"soft pop","Atlantic Records",0.421,0.407,10,-7.445,1,0.0267,0.309,0.000961,0.11,0.161,139.028,3
spotify:track:5pyuo0B3IgIDzMuwhDPsyj,"Tu Jaane Na x Night Changes","Tu Jaane Na x Night Changes","Columbia Sur",2024-05-01,256148,36,false,kbqrh1hxcwbwb5wivumr54pck,2026-04-08T13:35:01Z,"","Columbia Sur",0.555,0.226,7,-11.944,1,0.0292,0.9,0,0.112,0.597,129.808,4
spotify:track:30yySOIXHZYx94sLAySy2j,"Dil Se Re","Dil Se (Original Motion Picture Soundtrack)","A.R. Rahman;Anuradha;Chandralekha Annupamaa",1998-07-08,405706,60,false,kbqrh1hxcwbwb5wivumr54pck,2026-04-08T13:35:09Z,"tamil pop,kollywood,bollywood,sufi,hindi pop","Ishtar Music Pvt. Ltd.",0.844,0.442,9,-16.54,1,0.0691,0.00882,0.000498,0.0879,0.436,105.986,4
spotify:track:3LWvtwgEIzC1wdHiUBoG1v,"Breathless - Shankar Mahadevan","Breathless","Shankar Mahadevan",1998-12-31,177960,51,false,kbqrh1hxcwbwb5wivumr54pck,2026-04-08T13:35:12Z,"marathi pop,bollywood,devotional,bhajan,desi,tamil dance","Saregama India Ltd",0.719,0.888,11,-3.964,1,0.0539,0.651,0,0.115,0.54,99.915,4
spotify:track:4oea0ZixIYD8B8pSQGpt6h,"Aathma Raama","Aathma Raama","Brodha V",2022-01-25,234863,62,false,kbqrh1hxcwbwb5wivumr54pck,2026-04-08T13:35:17Z,"desi hip hop,hindi hip hop,devotional,tamil hip hop,bhajan,tamil indie,malayalam hip hop","Brodha V",0.78,0.758,5,-6.414,0,0.138,0.115,0,0.183,0.711,92.016,4
spotify:track:6Nqg57G2JkMimLblrb1TY5,"Woh Din (Film Version)","Chhichhore","Pritam;TUSHAR JOSHI",2019-08-31,312820,45,false,kbqrh1hxcwbwb5wivumr54pck,2026-04-08T13:35:26Z,"bollywood,hindi pop,desi,desi pop","T-Series",0.66,0.675,0,-7.764,1,0.0366,0.545,0.0000193,0.145,0.632,81.498,4
spotify:track:1d5lpW3gUyq537iuyrb9Lf,"Samjho Na","Samjho Na","Aditya Rikhari",2022-02-10,172408,78,false,kbqrh1hxcwbwb5wivumr54pck,2026-04-08T13:35:33Z,"hindi indie,indian indie,desi pop,hindi pop","CollabX Productions",0.744,0.328,0,-12.535,1,0.231,0.681,0.0002,0.128,0.532,98.923,4
spotify:track:0Ky4F20u41P9R67qP8qK6a,"Jaamurathiri","Kshana Kshanam","S. P. Balasubrahmanyam;K. S. Chithra;M. M. Keeravaani;Sirivennela Seetharama Sastry",2014-08-01,301557,0,false,kbqrh1hxcwbwb5wivumr54pck,2026-04-08T13:35:39Z,"kannada pop,telugu pop,tamil pop,devotional,sandalwood,tollywood,malayalam pop,mollywood","Lahari Music",0.695,0.253,0,-14.694,1,0.211,0.751,0.00506,0.439,0.482,158.439,3
spotify:track:2cPUB8EOT6AfJ8oxhyoNXL,"Ye Tune Kya Kiya","Once Upon Ay Time In Mumbai Dobaara !","Pritam;Javed Bashir;Rajat Arora",2013-07-22,314239,82,false,kbqrh1hxcwbwb5wivumr54pck,2026-04-08T13:35:43Z,"bollywood,hindi pop,desi,sufi,qawwali","T-Series",0.578,0.798,7,-6.01,1,0.0699,0.58,0,0.111,0.728,91.96,4
spotify:track:0mWtcNIAL9jITVHl3F2SQF,"Suraj Hua Maddham","Kabhi Khushi Kabhie Gham (Original Motion Picture Soundtrack)","Sandesh Shandilya;Sonu Nigam;Alka Yagnik",2001-11-28,427546,63,false,kbqrh1hxcwbwb5wivumr54pck,2026-04-08T13:35:49Z,"bollywood,kannada pop,sandalwood,hindi pop,desi,marathi pop","Sony Music Entertainment India Pvt. Ltd.",0.633,0.691,5,-5.851,1,0.0557,0.329,0.000211,0.134,0.57,80.002,4
spotify:track:1VBvgXzwESW9V7DXXGSiwm,"Mari Antaga","Seethamma Vakitlo Sirimalle Chettu","Mickey J. Meyer;Sreerama Chandra;Sirivennela Seetharama Sastry",2012-12-16,225953,60,false,kbqrh1hxcwbwb5wivumr54pck,2026-04-08T13:35:53Z,"tollywood,telugu pop,bollywood,hindi pop","Aditya Music",0.851,0.532,11,-10.078,1,0.0341,0.642,0.0112,0.149,0.8,117.027,4
spotify:track:0wnLMEOQlyW3Es1ag0HMVV,"Radha Kaise Na Jale","Lagaan (Original Motion Picture Soundtrack)","Asha Bhosle;Udit Narayan;Vaishali Samant;A.R. Rahman",2001-04-03,334706,64,false,kbqrh1hxcwbwb5wivumr54pck,2026-04-08T13:35:57Z,"ghazal,marathi pop,bangla pop,bollywood,hindi pop,desi,desi pop,tamil pop,kollywood,sufi","Sony Music Entertainment India Pvt. Ltd.",0.729,0.505,7,-9.236,1,0.323,0.229,0,0.0975,0.723,148.435,3
spotify:track:16XEVyPh5NT31CAAqPbxQF,"Aankhein Khuli","Mohabbatein","Jatin-Lalit;Lata Mangeshkar;Udit Narayan;Udbhav;Manohar Shetty;Ishaan;Shweta Pandit;Sonali Bhatawdekar;Pritha Mazumdar;Anand Bakshi",2000-08-27,422713,70,false,kbqrh1hxcwbwb5wivumr54pck,2026-04-08T13:36:00Z,"bollywood,hindi pop,desi,ghazal,bhajan,marathi pop","YRF Music",0.792,0.635,7,-13.94,0,0.0863,0.349,0.00000592,0.324,0.648,122.004,4
spotify:track:29ffQxBUZLJdN3kiPndB9n,"Neeti Mullai (Bit)","Varsham","Sagar;Sumangaly",2003-12-17,81990,1,false,kbqrh1hxcwbwb5wivumr54pck,2026-04-08T13:36:08Z,"telugu pop,tollywood","Aditya Music",0.683,0.261,7,-12.998,0,0.0336,0.827,0,0.137,0.671,105.049,4
spotify:track:4cktbXiXOapiLBMprHFErI,"Memories","JORDI (Deluxe)","Maroon 5",2021-06-11,189486,85,false,kbqrh1hxcwbwb5wivumr54pck,2026-04-08T13:36:10Z,"pop","Interscope Records*",0.775,0.327,11,-7.241,1,0.0557,0.841,0,0.0821,0.595,91.05,4
spotify:track:06fP8ZtG6SRN5gs9MMB1dQ,"Let Her Go x Husn","Let Her Go x Husn","Lewis Hanton",2024-01-10,239060,54,false,kbqrh1hxcwbwb5wivumr54pck,2026-04-08T13:36:13Z,"","Artist Vanguard",0.523,0.605,5,-7.739,1,0.0246,0.284,0.00511,0.13,0.412,77.002,4
spotify:track:3hoXhwP0ub9LdSJV4olDIc,"Tere Naina","My Name Is Khan (Original Motion Picture Soundtrack)","Shankar-Ehsaan-Loy;Shafqat Amanat Ali",2010-01-05,278546,64,false,kbqrh1hxcwbwb5wivumr54pck,2026-04-08T13:36:24Z,"bollywood,sufi,desi,hindi pop","Sony Music Entertainment India Pvt. Ltd.",0.522,0.74,0,-7.018,1,0.0465,0.558,0,0.144,0.732,92.618,4
spotify:track:7eQl3Yqv35ioqUfveKHitE,"Tum Se Hi","Jab We Met","Pritam;Mohit Chauhan;Irshad Kamil",2007-09-21,321225,80,false,kbqrh1hxcwbwb5wivumr54pck,2026-04-08T13:36:27Z,"bollywood,hindi pop,desi,sufi","T-Series",0.609,0.538,6,-7.842,1,0.0273,0.328,0,0.125,0.608,130.015,4
spotify:track:2Z3ZAbNoNWAowoExrQbe3G,"Maula Mere Maula - Instrumental","Open Stage X Sonu World Wide - Vol 2","Sonu Worldwide",2024-06-14,273844,35,false,kbqrh1hxcwbwb5wivumr54pck,2026-04-08T13:36:34Z,"","Saregama India Ltd",0.563,0.569,10,-10.311,1,0.0357,0.556,0.0127,0.126,0.453,113.061,4
spotify:track:2Vk9awOfDOomnwu1TmhXvz,"Love Story - Instrumental","Love Story (Instrumental)","Alhanii",2024-03-22,225044,44,false,kbqrh1hxcwbwb5wivumr54pck,2026-04-08T13:36:38Z,"","Melodyz Town",0.856,0.178,10,-23.212,0,0.0915,0.903,0.92,0.106,0.488,96.005,1
spotify:track:2JzZzZUQj3Qff7wapcbKjc,"See You Again (feat. Charlie Puth)","See You Again (feat. Charlie Puth)","Wiz Khalifa;Charlie Puth",2015,229525,86,false,kbqrh1hxcwbwb5wivumr54pck,2026-04-08T13:36:41Z,"soft pop","Atlantic Records",0.689,0.481,10,-7.503,1,0.0815,0.369,0.00000103,0.0649,0.283,80.025,4
spotify:track:6nGeLlakfzlBcFdZXteDq7,"Love Story","Mini World","Indila",2014-01-01,316280,81,false,kbqrh1hxcwbwb5wivumr54pck,2026-04-08T13:36:44Z,"french pop","Universal Music Division Polydor France",0.375,0.255,10,-12.279,0,0.0377,0.815,0,0.0845,0.331,95.978,3
spotify:track:1hA697u7e1jX2XM8sWA6Uy,"Apna Bana Le","Bhediya (Original Motion Picture Soundtrack)","Sachin-Jigar;Arijit Singh;Amitabh Bhattacharya",2022-12-06,261702,79,false,kbqrh1hxcwbwb5wivumr54pck,2026-04-08T13:36:49Z,"gujarati pop,bollywood,hindi pop,desi,gujarati garba,bangla pop","Zee Music Company",0.586,0.562,9,-7.399,1,0.0267,0.803,0.00000552,0.063,0.436,93.982,4
spotify:track:5JCDVLwteSXuwVqjCa7SwH,"O Rangrez","Bhaag Milkha Bhaag (Original Motion Picture Soundtrack)","Shankar-Ehsaan-Loy;Shreya Ghoshal;Javed Bashir;Yusuf Mohammed;Vajid Ali",2013-06-14,384761,74,false,kbqrh1hxcwbwb5wivumr54pck,2026-04-08T13:36:57Z,"bollywood,sufi,desi,hindi pop,kannada pop,marathi pop,qawwali","Sony Music Entertainment India Pvt. Ltd.",0.726,0.53,5,-8.485,1,0.0531,0.498,0,0.14,0.594,126.06,4
spotify:track:0rk2X5TAhraBC5aCIXK2Rq,"Samjhawan","Samjhawan","Jawad Ahmad;Shaarib Toshi;Arijit Singh;Shreya Ghoshal",2014-06-19,269184,83,false,kbqrh1hxcwbwb5wivumr54pck,2026-04-08T13:37:06Z,"bollywood,hindi pop,desi,bangla pop,kannada pop,marathi pop","Sony Music Entertainment India Pvt. Ltd.",0.651,0.482,4,-8.666,1,0.0281,0.293,0,0.0811,0.517,106.993,4
spotify:track:7A3HdpivKNGgTW2Bo3udV8,"Nuvvunte","Aarya","Sagar;Sumangaly",2004-04-19,311960,1,false,kbqrh1hxcwbwb5wivumr54pck,2026-04-08T13:37:11Z,"telugu pop,tollywood","Aditya Music",0.804,0.623,5,-9.891,0,0.0914,0.022,0,0.0759,0.711,97.963,4
spotify:track:0l2lnmSlvGOf3uyM7mwMjL,"Needhe Needhe","Hi Nanna","Aavani Malhar",2023-12-13,195050,53,false,kbqrh1hxcwbwb5wivumr54pck,2026-04-08T13:37:19Z,"mollywood,malayalam pop","T-Series",0.518,0.551,5,-6.812,1,0.0332,0.83,0.000205,0.126,0.157,99.714,4
spotify:track:7xmkMdxtGt9jEQVyQK8TP8,"Gaaju Bomma","Hi Nanna","Hesham Abdul Wahab",2023-12-13,266200,60,false,kbqrh1hxcwbwb5wivumr54pck,2026-04-08T13:37:22Z,"mollywood,malayalam pop,tollywood,telugu pop","T-Series",0.369,0.348,2,-9.686,1,0.0305,0.956,0.0000148,0.202,0.379,159.869,3
spotify:track:4wyH79ssNezGR59geMIRdw,"Ammaadi","Hi Nanna","Shakthisree Gopalan;Kala Bhairava",2023-12-13,219018,60,false,kbqrh1hxcwbwb5wivumr54pck,2026-04-08T13:37:24Z,"tamil pop,kollywood,tollywood,telugu pop","T-Series",0.544,0.54,11,-7.606,1,0.0519,0.57,0,0.121,0.427,173.865,4
spotify:track:39aI14a48tHK2W5IrzFQ8r,"Enno Enno","Hi Nanna","Bhavana Isvi",2023-12-13,65137,49,false,kbqrh1hxcwbwb5wivumr54pck,2026-04-08T13:37:27Z,"tollywood,telugu pop","T-Series",0.357,0.492,2,-9.933,1,0.033,0.892,0.00415,0.121,0.35,149.982,5
spotify:track:43xyHkmftrAmEKhWl3GYIv,"Idhe Idhe","Hi Nanna","Hesham Abdul Wahab",2023-12-13,215175,53,false,kbqrh1hxcwbwb5wivumr54pck,2026-04-08T13:37:33Z,"mollywood,malayalam pop,tollywood,telugu pop","T-Series",0.236,0.237,5,-10.822,0,0.0313,0.894,0,0.114,0.335,76.445,1
spotify:track:7EILBnZpXLryXTBbqYtKdk,"Chedhu Nijam","Hi Nanna","Geetha Madhuri;Vineeth Sreenivasan",2023-12-13,257255,52,false,kbqrh1hxcwbwb5wivumr54pck,2026-04-08T13:37:35Z,"telugu pop,tollywood,malayalam pop,mollywood","T-Series",0.304,0.565,10,-6.555,1,0.0352,0.512,0,0.11,0.632,187.73,4
spotify:track:6vsPBbLGfeLraBanG4HJaR,"Em Sandeham Ledu","Oohalu Gusagusalade (Original Motion Picture Soundtrack)","Sunitha;Kalyani Malik",2014-04-28,232914,62,false,kbqrh1hxcwbwb5wivumr54pck,2026-04-08T13:37:39Z,"telugu pop,tollywood,devotional","Vel Records",0.722,0.499,2,-5.958,1,0.032,0.63,0.00000181,0.112,0.541,127.915,4
spotify:track:1rKxy2mMxzRfj7xLUhGPga,"Tum Tak","Tum Tak","A.R. Rahman;Javed Ali;KIRTI SAGATHIA;Pooja AV",2013-05-31,305749,51,false,kbqrh1hxcwbwb5wivumr54pck,2026-04-08T13:37:44Z,"tamil pop,kollywood,bollywood,sufi,hindi pop,qawwali,desi,desi pop","Sony Music Entertainment India Pvt. Ltd.",0.704,0.626,2,-9.309,1,0.0556,0.423,0,0.0739,0.514,114.997,4
spotify:track:3tgdOveYac7YMEAQD9sGLf,"Bulleya","Sultan","Vishal-Shekhar;Papon;Irshad Kamil",2016-05-31,357067,75,false,kbqrh1hxcwbwb5wivumr54pck,2026-04-08T13:37:46Z,"bollywood,desi,hindi pop,sufi","YRF Music",0.675,0.579,4,-11.976,1,0.0308,0.369,0.00000338,0.118,0.724,97.01,4
spotify:track:5GQPBzoRBDxcAjwSSluQXD,"Pretty Little Baby","Connie Francis Sings Second Hand Love & Other Hits","Connie Francis",1962-04-10,142520,74,false,kbqrh1hxcwbwb5wivumr54pck,2026-04-08T13:37:50Z,"schlager","Universal Records",0.783,0.396,8,-8.792,1,0.035,0.734,0.0000033,0.264,0.627,121.397,4
spotify:track:5ThyDv6aRVU8AH4vXQNldF,"Finding Her","Finding Her","Kushagra;Bharath;Saaheal",2025-01-29,207000,86,false,kbqrh1hxcwbwb5wivumr54pck,2026-04-08T13:37:54Z,"indian indie,hindi indie,desi pop,hindi pop","EYP Creations",0.558,0.378,0,-6.419,1,0.0526,0.894,0.00000232,0.0799,0.44,170.195,3
spotify:track:16W3Eqvgh4Sl84RoHZYnNV,"Jiya Jale","Dil Se (Original Motion Picture Soundtrack)","Lata Mangeshkar;M. G. Sreekumar",1998-07-08,309106,55,false,kbqrh1hxcwbwb5wivumr54pck,2026-04-08T13:37:59Z,"ghazal,bollywood,hindi pop,bhajan,marathi pop,malayalam pop,mollywood,devotional","Ishtar Music Pvt. Ltd.",0.767,0.503,9,-13.424,1,0.0828,0.12,0.0000956,0.158,0.483,141.996,4
spotify:track:1GmZCrlwV00ObNUKS63fCs,"Shape Of You x Naina","Shape Of You x Naina","Luke Willies",2025-01-22,230418,46,false,kbqrh1hxcwbwb5wivumr54pck,2026-04-08T13:38:03Z,"","Trillex Music Group",0.799,0.847,9,-6.982,0,0.0372,0.269,0.00163,0.223,0.743,100.022,4
spotify:track:51ZgZSvy6VfmT89POoGwLf,"Aa Seetadevi Navvula","Rowdy Fellow","Arijit Singh",2014-07-28,255876,56,false,kbqrh1hxcwbwb5wivumr54pck,2026-04-08T13:38:05Z,"hindi pop,bollywood,desi,bangla pop","Saregama India Ltd",0.596,0.527,9,-8.49,1,0.0598,0.843,0,0.107,0.405,139.864,4
spotify:track:5nQA7m7xypeL7dFaGRwJO5,"Timro Pratiksa","Timro Pratiksa","Shallum Lama",2023-11-29,241616,61,false,kbqrh1hxcwbwb5wivumr54pck,2026-04-08T13:38:08Z,"","Sony Music Entertainment India Pvt. Ltd.",0.526,0.315,2,-13.191,1,0.0322,0.514,0.00000479,0.152,0.199,145.011,3
spotify:track:3A4FRzgve9BjfKbvVXRIFO,"Sparkle - movie ver.","Your Name.","RADWIMPS",2016-08-24,537653,69,false,kbqrh1hxcwbwb5wivumr54pck,2026-04-08T13:38:11Z,"anime,j-pop,j-rock","EMI Records",0.372,0.426,11,-8.421,1,0.0339,0.687,0.00784,0.109,0.287,123.993,4
spotify:track:14mT8BCOXiUUcGlb7KujkT,"I Think They Call This Love - Cover","I’ll Be Home For Christmas / I Think They Call This Love (Cover)","Matthew Ifield",2024-11-28,196253,75,false,kbqrh1hxcwbwb5wivumr54pck,2026-04-08T13:38:26Z,"","EMI Recorded Music Australia Pty Ltd",0.39,0.556,0,-7.497,0,0.0312,0.68,0.00735,0.0982,0.566,104.457,3
spotify:track:0pFM2JJIFaDob9kN2PJxQS,"Krishna Ki Chetavani (Rashmirathi)","Dev Vani","Agam Aggarwal;Siddharth Sharma;Shri Dhananjay Tiwari",2023-06-18,283827,54,false,kbqrh1hxcwbwb5wivumr54pck,2026-04-08T13:38:32Z,"bhajan,devotional","Shemaroo Entertainment Ltd.",0.737,0.811,4,-6.855,0,0.254,0.0863,0,0.384,0.626,144.912,4
spotify:track:0eLtIxPRNJfsmehITZ1qaJ,"Sahiba","Sahiba","Aditya Rikhari",2023-12-19,190098,86,false,kbqrh1hxcwbwb5wivumr54pck,2026-04-08T13:38:35Z,"hindi indie,indian indie,desi pop,hindi pop","T-Series",0.675,0.432,10,-9.076,0,0.0332,0.551,0,0.0772,0.431,100.007,4
spotify:track:3hB9lDLyAClYVZivMMl20N,"Co2","The Way That Lovers Do","Prateek Kuhad",2022-05-20,163653,72,false,kbqrh1hxcwbwb5wivumr54pck,2026-04-08T13:38:41Z,"indian indie,hindi indie","Elektra (NEK)",0.533,0.678,1,-5.244,1,0.0256,0.663,0,0.145,0.683,80.96,4
spotify:track:3wuCCNCnBhJlwkIJTBZFiv,"They Don't Care About Us","HIStory - PAST, PRESENT AND FUTURE - BOOK I","Michael Jackson",1995-06-16,284310,92,false,kbqrh1hxcwbwb5wivumr54pck,2026-04-08T13:38:46Z,"","Epic",0.859,0.905,0,-5.539,0,0.129,0.205,0.00837,0.322,0.731,89.946,4
spotify:track:7J1uxwnxfQLu4APicE5Rnj,"Billie Jean","Thriller","Michael Jackson",1982-11-30,293802,99,false,kbqrh1hxcwbwb5wivumr54pck,2026-04-08T13:38:49Z,"","Epic",0.932,0.457,11,-9.62,0,0.0541,0.0173,0.0436,0.0414,0.884,117.002,4
spotify:track:1OOtq8tRnDM8kG2gqUPjAj,"Beat It","Thriller 25 Super Deluxe Edition","Michael Jackson",2008-02-08,258040,80,false,kbqrh1hxcwbwb5wivumr54pck,2026-04-08T13:38:51Z,"","Epic/Legacy",0.776,0.867,3,-3.704,0,0.0479,0.0495,0.00000792,0.197,0.918,138.827,4
spotify:track:6G9YlbU3ByPJQvOFDRdwyM,"her","her","JVKE",2024-08-30,171757,83,false,kbqrh1hxcwbwb5wivumr54pck,2026-04-08T13:38:54Z,"","JVKE",0.434,0.589,11,-5.529,1,0.0342,0.932,0.00022,0.496,0.582,143.728,4
spotify:track:5HzMZWEwP8baubqhmpjX75,"Sweater Weather - Sped Up","I Love You. (Sped Up)","The Neighbourhood",2013-04-22,218938,64,false,kbqrh1hxcwbwb5wivumr54pck,2026-04-08T13:39:09Z,"","Columbia/Legacy",0.555,0.831,1,-3.504,0,0.048,0.0379,0.0056,0.107,0.348,135.043,4
spotify:track:5GpfyJrKHJI36jDKtQiyGN,"Golden Brown","Golden Brown","The Stranglers",1981-12-28,206760,77,false,kbqrh1hxcwbwb5wivumr54pck,2026-04-08T13:39:50Z,"proto-punk,new wave","Rhino",0.563,0.383,6,-15.474,1,0.0305,0.144,0.116,0.138,0.589,93.751,3
spotify:track:4yNk9iz9WVJikRFle3XEvn,"golden hour","this is what falling in love feels like (554Hz)","JVKE",2022-10-03,209259,79,false,kbqrh1hxcwbwb5wivumr54pck,2026-04-08T13:39:53Z,"","JVKE",0.515,0.593,4,-4.801,1,0.0322,0.653,0.162,0.25,0.153,94.467,3
spotify:track:64whxGk19WtoxDzHRbcXJI,"OM","OM","Brodha V",2025-08-07,310043,55,false,kbqrh1hxcwbwb5wivumr54pck,2026-04-08T13:39:56Z,"desi hip hop,hindi hip hop,devotional,tamil hip hop,bhajan,tamil indie,malayalam hip hop","Brodha V",0.706,0.608,6,-9.349,0,0.256,0.256,0,0.13,0.492,79.986,4
spotify:track:2eAvDnpXP5W0cVtiI0PUxV,"Dandelions","Safe Haven","Ruth B.",2017-05-05,233720,87,false,kbqrh1hxcwbwb5wivumr54pck,2026-04-08T13:39:59Z,"","Columbia",0.609,0.692,1,-2.958,1,0.0259,0.0157,0,0.0864,0.454,116.959,3
spotify:track:0PxQEN7v5sf4UInFh210WR,"Kaantha","Kaantha","Lohar",2022-11-19,275991,41,false,kbqrh1hxcwbwb5wivumr54pck,2026-04-08T13:40:03Z,"malayalam hip hop,mollywood","GenRock Music",0.345,0.718,7,-11.136,1,0.139,0.00572,0.237,0.0322,0.38,199.955,4
spotify:track:48NOGLR1kttuaPAQMKQavI,"Sanson Ki Mala Peh Simroon","Ustad Nusrat Fateh Ali Khan","Nusrat Fateh Ali Khan",2018-08-02,382303,67,false,kbqrh1hxcwbwb5wivumr54pck,2026-04-08T13:40:06Z,"qawwali,ghazal,sufi","Universal Music MENA (Oriental Star Agencies)",0.408,0.747,7,-5.638,1,0.0465,0.37,0.0000219,0.625,0.563,144.814,3
spotify:track:2QjOHCTQ1Jl3zawyYOpxh6,"Sweater Weather","I Love You.","The Neighbourhood",2013-04-22,240400,94,false,kbqrh1hxcwbwb5wivumr54pck,2026-04-08T13:40:09Z,"","Columbia",0.612,0.807,10,-2.81,1,0.0336,0.0495,0.0177,0.101,0.398,124.053,4
spotify:track:1UNEuG9DYOWiikf00ayr52,"Love Me Not","Love Me Not / Love Is Blind","Ravyn Lenae",2024-05-03,213466,88,false,kbqrh1hxcwbwb5wivumr54pck,2026-04-08T13:40:13Z,"alternative r&b,indie soul","Atlantic Records",0.786,0.741,0,-6.147,1,0.0309,0.293,0,0.132,0.816,113.98,4
spotify:track:5pebgx4IJ5YvZH2sYOHDRf,"Your Eyes","Your Eyes","Barney Sku;Taqiya Zaman",2021-05-02,107081,62,false,kbqrh1hxcwbwb5wivumr54pck,2026-04-08T13:40:16Z,"bangla pop","Barney Sku",0.691,0.281,10,-12.504,1,0.0338,0.778,0.00734,0.291,0.349,129.845,4
spotify:track:3be9ACTxtcL6Zm4vJRUiPG,"blue","blue","yung kai",2024-08-02,214357,83,false,kbqrh1hxcwbwb5wivumr54pck,2026-04-08T13:40:18Z,"","BMG Rights Management (US) LLC",0.746,0.317,4,-11.982,1,0.0342,0.933,0.0186,0.121,0.585,97.49,3
spotify:track:5zcoYCmeIL392as1bwIYce,"Chasing Shadows","Chasing Shadows","Alex Warren",2022-12-02,164027,58,false,kbqrh1hxcwbwb5wivumr54pck,2026-04-08T13:40:21Z,"","Atlantic Records",0.779,0.604,1,-8.039,0,0.0403,0.556,0,0.112,0.404,120.017,4
spotify:track:3qhlB30KknSejmIvZZLjOD,"End of Beginning","DECIDE","Djo",2022-09-16,159245,97,false,kbqrh1hxcwbwb5wivumr54pck,2026-04-08T13:40:37Z,"","Djo",0.689,0.454,2,-7.643,1,0.0584,0.0351,0.00259,0.0707,0.912,159.982,4
spotify:track:6EzB9lIW27iSTd0c2V4t3K,"Oorum Blood - From ""Dude""","Oorum Blood (From ""Dude"")","Sai Abhyankkar;Paal Dabba;Bhumi;Deepthi Suresh",2025-08-28,240107,77,false,kbqrh1hxcwbwb5wivumr54pck,2026-04-08T13:40:39Z,"tamil indie,kollywood,tamil pop,tamil hip hop,malayalam hip hop,tamil dance","Think Music",0.698,0.631,10,-8.706,0,0.0522,0.356,0,0.16,0.515,129.987,4
spotify:track:0ct6r3EGTcMLPtrXHDvVjc,"The Nights","The Days / Nights","Avicii",2014-01-01,176658,87,false,kbqrh1hxcwbwb5wivumr54pck,2026-04-08T13:41:00Z,"edm","Pophouse Entertainment Group",0.527,0.835,6,-5.298,1,0.0433,0.0166,0,0.249,0.654,125.983,4
spotify:track:0sYNZqHarbkRCJ1TOIkhqB,"Neeli Meghamulalo (From ""35 Chinna Katha Kaadu"")(TeIugu)","Neeli Meghamulalo (From ""35 Chinna Katha Kaadu"")(TeIugu)","Vivek Sagar;Prithvi Harish;Kalyan Vasanth;Bharadwaj Gali",2024-08-28,292825,62,false,kbqrh1hxcwbwb5wivumr54pck,2026-04-08T14:17:07Z,"tollywood,telugu pop,devotional","Aditya Music",0.635,0.583,1,-8.777,1,0.0317,0.47,0.00317,0.112,0.335,117.049,4
spotify:track:0ZrhJXq6e7XXgEADFolOBZ,"her (feat. Annika Wells & Kaden Hawke)","her (feat. Annika Wells & Kaden Hawke)","JVKE;Kaden Hawke;Annika Wells",2025-11-25,199249,63,false,kbqrh1hxcwbwb5wivumr54pck,2026-04-09T01:25:44Z,"melodic bass","JVKE",0.397,0.725,11,-4.721,1,0.0422,0.915,0.0000326,0.0788,0.254,144.042,4
spotify:track:47RTQoh3pzjhWLUMllNRRJ,"Deewaana Deewaana","Tere Ishk Mein","A.R. Rahman;Irshad Kamil",2025-11-12,337233,81,false,kbqrh1hxcwbwb5wivumr54pck,2026-04-09T02:43:45Z,"tamil pop,kollywood,bollywood,sufi,hindi pop,desi","T-Series",0.665,0.852,11,-5.494,0,0.0416,0.152,0.000413,0.337,0.745,136.012,3
spotify:track:0febwTwLDSZzrt46i1RBF5,"Ishqa Ve","Ishqa Ve","Zeeshan Ali;Yuvraj Tung;Sandeep Aulakh;Honey Dhillon",2025-08-20,207102,81,false,kbqrh1hxcwbwb5wivumr54pck,2026-04-09T02:45:23Z,"ghazal,qawwali,sufi","OpenMic Studios",0.651,0.458,10,-5.74,0,0.187,0.611,0,0.097,0.916,169.913,3
spotify:track:3KvUPLaCck6RzrlE8XSKB2,"Timro Pratiksa - Sped Up","Timro Pratiksa - Sped Up","Shallum Lama",2024-01-14,201601,52,false,kbqrh1hxcwbwb5wivumr54pck,2026-04-09T02:46:59Z,"","Sony Music India / Nine",0.363,0.294,5,-12.284,1,0.0399,0.712,0.0000746,0.165,0.229,173.776,3
spotify:track:2ImUT8TTzcNQfF5BExjYM0,"Prema Desam","Shakti","Mani Sharma;Hemachandra Vedala;Saindhavi",2011-02-28,274030,62,false,kbqrh1hxcwbwb5wivumr54pck,2026-04-09T02:47:30Z,"telugu pop,tollywood,tamil dance,devotional,tamil pop,kollywood,bhajan","Aditya Music (India) Pvt Ltd",0.809,0.696,4,-7.085,0,0.104,0.333,0.0152,0.253,0.624,100.992,4
spotify:track:3BovdzfaX4jb5KFQwoPfAw,"Beat It","Thriller","Michael Jackson",1982-11-30,258296,97,false,kbqrh1hxcwbwb5wivumr54pck,2026-04-13T07:16:34Z,"","Epic",0.776,0.711,3,-9.03,0,0.0473,0.0242,0.000353,0.234,0.901,138.728,4
spotify:track:1ei3hzQmrgealgRKFxIcWn,"In The Stars","In The Stars","Benson Boone",2022-04-29,216410,77,false,kbqrh1hxcwbwb5wivumr54pck,2026-04-21T14:28:55Z,"","Warner Records",0.362,0.54,10,-6.031,1,0.0528,0.338,0,0.139,0.3,78.007,3
spotify:track:5QlnxPlxtzjpCFAk2s7Cj0,"Its Your Love","Life Is Beautiful","Mickey J. Meyer;Naresh Iyer",2012-07-28,308900,54,false,kbqrh1hxcwbwb5wivumr54pck,2026-05-05T13:31:06Z,"tollywood,telugu pop,tamil pop,kollywood","Aditya Music (India) Pvt Ltd",0.649,0.632,8,-7.423,1,0.0283,0.672,0.0825,0.151,0.84,83.002,4
spotify:track:6IaTcLBMIdeP3YLucm9IJa,"Golden Brown x Love Story","Golden Brown x Love Story","Elliot Sutton",2025-06-17,69230,63,false,kbqrh1hxcwbwb5wivumr54pck,2026-05-16T18:24:00Z,"","Elliot Sutton",0.439,0.721,7,-8.986,0,0.031,0.217,0.997,0.232,0.458,156.198,3
spotify:track:551uNYgg9dASyGvVRn1NfY,"Love Story x Golden Brown (Piano)","Love Story x Golden Brown (Piano)","Valentino Coleman",2025-12-12,174985,58,false,kbqrh1hxcwbwb5wivumr54pck,2026-05-16T18:24:41Z,"","8624807 Records DK",0.578,0.534,10,-9.758,0,0.0291,0.772,0.828,0.112,0.554,93.185,4
spotify:track:1WN4uNclrDuczTO3bCr8s1,"Be My Baby","Presenting the Fabulous Ronettes Featuring Veronica","The Ronettes",1964-11-01,160906,83,false,kbqrh1hxcwbwb5wivumr54pck,2026-06-06T15:04:54Z,"christmas","Legacy Recordings",0.512,0.771,4,-7.006,1,0.0402,0.168,0,0.0895,0.803,129.639,4
spotify:track:48NOGLR1kttuaPAQMKQavI,"Sanson Ki Mala Peh Simroon","Ustad Nusrat Fateh Ali Khan","Nusrat Fateh Ali Khan",2018-08-02,382303,67,false,kbqrh1hxcwbwb5wivumr54pck,2026-06-09T16:42:57Z,"qawwali,ghazal,sufi","Universal Music MENA (Oriental Star Agencies)",0.408,0.747,7,-5.638,1,0.0465,0.37,0.0000219,0.625,0.563,144.814,3
spotify:track:1WN4uNclrDuczTO3bCr8s1,"Be My Baby","Presenting the Fabulous Ronettes Featuring Veronica","The Ronettes",1964-11-01,160906,83,false,kbqrh1hxcwbwb5wivumr54pck,2026-06-10T16:44:09Z,"christmas","Legacy Recordings",0.512,0.771,4,-7.006,1,0.0402,0.168,0,0.0895,0.803,129.639,4
spotify:track:2u21IsdmCsny4R64kxI6E4,"Story of a Warrior","Story of a Warrior","John Michael Howell",2026-06-05,129813,69,false,kbqrh1hxcwbwb5wivumr54pck,2026-06-12T10:49:33Z,"","broke",0.61,0.439,9,-8.369,0,0.0259,0.609,0,0.0642,0.235,107.06,4
